ticket_id,customer_id,issue_type,opened_date,resolved_date,satisfaction_score
TCKT-1,81,Feature Request,2023-02-03,2023-02-03,4
TCKT-2,83,Login Issue,2023-02-09,2023-02-11,
TCKT-3,177,Bug,2023-10-13,2023-10-24,
TCKT-4,169,Feature Request,2023-03-27,2023-04-07,3
TCKT-5,50,INVALID,2023-05-11,,5
TCKT-6,91,Login Issue,2023-09-18,,
TCKT-7,187,Billing,2024-01-13,2024-01-23,4
TCKT-8,70,Other,2024-01-03,2024-01-15,2
TCKT-9,171,Login Issue,2023-03-01,2023-03-02,4
TCKT-10,13,,2023-05-26,,1
TCKT-11,80,INVALID,2023-06-13,2023-06-16,1
TCKT-12,64,Login Issue,2023-11-06,2023-11-10,5
TCKT-13,175,,2023-04-18,2023-04-30,
TCKT-14,11,,2023-05-03,2023-05-15,3
TCKT-15,178,Login Issue,2024-01-16,,5
TCKT-16,39,Billing,2023-07-20,2023-07-30,4
TCKT-17,178,Bug,2023-08-12,2023-08-18,
TCKT-18,88,Other,2024-01-05,2024-01-11,2
TCKT-19,120,Login Issue,2023-06-03,2023-06-03,5
TCKT-20,196,,2024-01-29,2024-02-13,NaN
TCKT-21,155,,2023-10-13,2023-10-14,1
TCKT-22,184,INVALID,2023-03-02,2023-03-04,
TCKT-23,178,Login Issue,2023-11-19,2023-11-28,1
TCKT-24,52,Login Issue,2023-12-15,2023-12-19,4
TCKT-25,25,Bug,2023-06-21,2023-07-01,3
TCKT-26,103,,2023-05-04,,5
TCKT-27,104,Bug,2023-01-17,2023-01-31,
TCKT-28,38,Feature Request,2023-01-10,2023-01-25,4
TCKT-29,70,INVALID,2023-07-06,2023-07-15,
TCKT-30,15,Login Issue,2024-03-18,2024-03-22,2
TCKT-31,114,INVALID,2024-01-20,,1
TCKT-32,159,INVALID,2023-10-21,2023-10-28,4
TCKT-33,125,Bug,2024-02-16,2024-02-29,4
TCKT-34,64,Bug,2023-06-17,2023-06-29,3
TCKT-35,4,Login Issue,2023-03-12,2023-03-14,3
TCKT-36,34,Feature Request,2023-07-11,2023-07-25,NaN
TCKT-37,133,Feature Request,2023-07-25,,1
TCKT-38,61,Billing,2023-01-22,2023-01-29,1
TCKT-39,12,Billing,2023-03-08,2023-03-10,4
TCKT-40,3,Bug,2023-11-16,2023-11-19,NaN
TCKT-41,151,Bug,2023-01-23,2023-01-28,
TCKT-42,164,Billing,2023-01-15,,5
TCKT-43,87,Feature Request,2023-03-22,2023-04-05,5
TCKT-44,179,Feature Request,2023-11-02,2023-11-05,2
TCKT-45,11,INVALID,2023-01-26,2023-02-08,NaN
TCKT-46,119,Billing,2023-06-28,2023-07-13,
TCKT-47,66,Billing,2024-02-20,2024-02-24,NaN
TCKT-48,192,Bug,2023-10-13,2023-10-22,3
TCKT-49,132,Other,2023-02-16,,NaN
TCKT-50,31,Other,2024-01-03,2024-01-15,3
TCKT-51,55,Feature Request,2023-05-26,2023-06-04,4
TCKT-52,41,Bug,2024-03-19,,3
TCKT-53,32,Feature Request,2023-09-10,2023-09-11,4
TCKT-54,4,INVALID,2023-05-01,2023-05-14,4
TCKT-55,36,Feature Request,2023-06-08,2023-06-08,3
TCKT-56,164,Bug,2023-03-20,2023-04-01,NaN
TCKT-57,91,Login Issue,2024-02-14,2024-02-25,1
TCKT-58,96,,2023-04-12,2023-04-14,
TCKT-59,163,Billing,2024-05-01,,1
TCKT-60,109,Bug,2023-01-28,2023-02-11,3
TCKT-61,46,Billing,2023-05-11,2023-05-17,3
TCKT-62,114,,2023-10-18,2023-10-30,
TCKT-63,94,Feature Request,2023-04-20,,
TCKT-64,150,Login Issue,2023-01-28,2023-02-11,
TCKT-65,195,Billing,2023-11-26,2023-12-08,
TCKT-66,184,Other,2023-07-27,2023-08-09,1
TCKT-67,61,Other,2023-04-10,2023-04-25,
TCKT-68,118,Login Issue,2023-07-22,2023-07-22,4
TCKT-69,198,Login Issue,2023-04-06,2023-04-21,
TCKT-70,139,Other,2023-05-16,2023-05-16,1
TCKT-71,48,Bug,2023-03-25,,4
TCKT-72,56,,2023-04-08,2023-04-12,5
TCKT-73,123,Billing,2023-04-19,2023-04-23,4
TCKT-74,67,Billing,2023-01-21,,2
TCKT-75,62,Feature Request,2024-01-26,,4
TCKT-76,159,Feature Request,2024-03-16,2024-03-21,4
TCKT-77,61,INVALID,2023-11-15,2023-11-20,5
TCKT-78,87,Bug,2023-11-30,,
TCKT-79,6,Login Issue,2023-10-22,,1
TCKT-80,109,Other,2023-11-12,,2
TCKT-81,72,,2023-05-31,,4
TCKT-82,19,INVALID,2023-11-06,2023-11-10,1
TCKT-83,173,INVALID,2023-09-05,2023-09-15,3
TCKT-84,69,Billing,2023-12-20,2024-01-01,4
TCKT-85,112,Login Issue,2023-10-19,2023-10-21,2
TCKT-86,8,Bug,2023-01-02,2023-01-14,2
TCKT-87,173,,2023-03-21,,
TCKT-88,200,Bug,2023-03-19,2023-04-03,4
TCKT-89,53,,2024-04-25,,5
TCKT-90,9,INVALID,2023-07-23,2023-08-01,1
TCKT-91,114,INVALID,2023-01-02,2023-01-13,4
TCKT-92,9,Bug,2023-06-21,2023-06-26,3
TCKT-93,162,Feature Request,2023-05-28,,
TCKT-94,182,Login Issue,2023-06-02,2023-06-06,3
TCKT-95,173,Other,2023-11-28,2023-12-13,3
TCKT-96,43,INVALID,2023-08-08,2023-08-12,1
TCKT-97,111,,2024-03-01,,2
TCKT-98,104,INVALID,2023-04-08,2023-04-19,4
TCKT-99,68,Billing,2024-04-29,2024-05-01,4
TCKT-100,81,Other,2023-11-01,2023-11-07,2
TCKT-101,179,,2024-01-30,2024-02-14,5
TCKT-102,72,Other,2024-03-07,2024-03-09,
TCKT-103,110,INVALID,2023-01-18,2023-01-28,1
TCKT-104,73,INVALID,2023-11-02,2023-11-08,4
TCKT-105,112,Billing,2023-06-01,2023-06-05,5
TCKT-106,98,Other,2023-02-21,,5
TCKT-107,181,Billing,2024-04-23,2024-04-25,1
TCKT-108,158,Login Issue,2023-05-28,2023-06-07,1
TCKT-109,180,,2023-02-07,,
TCKT-110,42,Bug,2023-03-12,2023-03-21,3
TCKT-111,164,Feature Request,2023-03-24,2023-04-07,
TCKT-112,17,Bug,2024-03-09,2024-03-13,2
TCKT-113,116,Other,2023-09-27,2023-10-12,
TCKT-114,75,,2023-02-04,2023-02-05,1
TCKT-115,52,,2023-12-24,2024-01-04,4
TCKT-116,148,Billing,2023-11-03,2023-11-11,
TCKT-117,132,Bug,2023-08-08,2023-08-16,4
TCKT-118,174,Bug,2023-10-05,2023-10-05,4
TCKT-119,52,Other,2023-07-22,2023-07-23,1
TCKT-120,37,Login Issue,2023-08-02,,1
TCKT-121,108,Other,2023-06-15,2023-06-25,
TCKT-122,105,Feature Request,2024-05-01,2024-05-16,5
TCKT-123,83,Login Issue,2023-06-17,2023-06-28,3
TCKT-124,45,Login Issue,2023-05-11,2023-05-19,NaN
TCKT-125,99,Billing,2023-09-26,2023-10-09,2
TCKT-126,175,Billing,2023-01-30,2023-02-12,3
TCKT-127,28,Billing,2023-03-20,,3
TCKT-128,18,Bug,2024-01-30,2024-02-14,1
TCKT-129,52,INVALID,2023-04-14,2023-04-27,NaN
TCKT-130,60,Login Issue,2024-03-04,2024-03-19,
TCKT-131,116,Billing,2023-01-11,2023-01-24,5
TCKT-132,69,INVALID,2023-03-20,2023-04-02,1
TCKT-133,178,Other,2023-06-20,2023-06-27,NaN
TCKT-134,199,Other,2024-03-22,2024-03-24,
TCKT-135,4,Other,2023-10-26,2023-10-28,4
TCKT-136,125,Billing,2024-03-20,2024-04-04,3
TCKT-137,40,Billing,2023-10-12,2023-10-18,5
TCKT-138,135,INVALID,2023-01-07,2023-01-08,3
TCKT-139,198,Login Issue,2023-07-13,2023-07-28,5
TCKT-140,147,Login Issue,2023-06-14,2023-06-21,
TCKT-141,87,Login Issue,2023-10-27,2023-10-28,4
TCKT-142,44,INVALID,2024-01-03,2024-01-11,1
TCKT-143,60,Other,2023-02-16,2023-02-20,3
TCKT-144,5,Bug,2023-08-28,,1
TCKT-145,25,Feature Request,2023-10-16,2023-10-30,5
TCKT-146,118,Other,2023-07-05,2023-07-08,1
TCKT-147,109,Other,2024-01-13,2024-01-18,5
TCKT-148,194,Other,2024-01-06,,
TCKT-149,102,Bug,2023-12-23,2023-12-31,4
TCKT-150,63,Login Issue,2023-11-28,2023-12-03,4
TCKT-151,189,Bug,2023-11-26,2023-12-08,3
TCKT-152,118,Login Issue,2023-08-04,2023-08-13,2
TCKT-153,114,Bug,2023-04-09,2023-04-21,5
TCKT-154,169,INVALID,2023-11-25,2023-11-27,5
TCKT-155,196,Feature Request,2023-02-16,2023-02-20,2
TCKT-156,93,Other,2024-02-25,2024-03-05,5
TCKT-157,6,,2024-04-22,2024-04-26,4
TCKT-158,37,Other,2023-04-23,2023-04-26,5
TCKT-159,7,Login Issue,2023-03-19,2023-03-26,5
TCKT-160,10,INVALID,2023-12-29,2024-01-11,3
TCKT-161,183,Billing,2023-10-05,2023-10-19,5
TCKT-162,120,Feature Request,2023-08-17,2023-08-25,4
TCKT-163,128,Other,2023-06-10,2023-06-12,5
TCKT-164,160,Feature Request,2023-12-17,,2
TCKT-165,132,Login Issue,2023-02-03,2023-02-05,5
TCKT-166,143,Bug,2023-10-25,2023-11-06,5
TCKT-167,130,Login Issue,2023-05-15,2023-05-29,5
TCKT-168,40,Other,2023-01-09,2023-01-21,2
TCKT-169,103,INVALID,2023-12-15,,
TCKT-170,171,Login Issue,2023-11-05,,
TCKT-171,141,,2024-03-25,2024-03-28,5
TCKT-172,139,INVALID,2023-09-25,2023-09-28,2
TCKT-173,7,,2023-11-29,2023-11-29,4
TCKT-174,195,Feature Request,2024-03-11,2024-03-12,1
TCKT-175,151,Feature Request,2023-03-09,2023-03-13,2
TCKT-176,142,Other,2023-11-07,2023-11-14,
TCKT-177,170,Login Issue,2024-04-21,2024-04-30,4
TCKT-178,63,Other,2024-01-01,2024-01-14,4
TCKT-179,158,Billing,2023-07-31,2023-08-07,2
TCKT-180,91,Login Issue,2023-12-20,2024-01-04,
TCKT-181,197,Billing,2023-03-29,2023-04-04,3
TCKT-182,162,Billing,2023-01-22,2023-02-01,1
TCKT-183,33,,2023-11-26,,5
TCKT-184,190,Billing,2023-04-24,2023-05-02,3
TCKT-185,131,Feature Request,2023-10-03,2023-10-05,3
TCKT-186,14,,2023-11-30,2023-12-03,2
TCKT-187,83,Login Issue,2024-03-11,,4
TCKT-188,84,,2023-11-18,2023-11-20,5
TCKT-189,113,Bug,2024-03-25,2024-04-08,2
TCKT-190,164,Billing,2023-06-04,2023-06-12,5
TCKT-191,68,INVALID,2023-07-30,2023-08-08,NaN
TCKT-192,60,Login Issue,2024-02-24,2024-03-08,1
TCKT-193,111,Other,2023-04-22,2023-05-02,4
TCKT-194,170,Billing,2023-04-17,2023-04-28,4
TCKT-195,116,Login Issue,2023-12-28,2024-01-01,2
TCKT-196,131,Other,2023-07-21,2023-07-27,2
TCKT-197,23,Bug,2023-06-19,2023-06-28,2
TCKT-198,45,Billing,2023-06-03,,
TCKT-199,18,Feature Request,2023-10-09,2023-10-17,5
TCKT-200,100,INVALID,2023-01-13,2023-01-19,4
TCKT-201,121,,2023-12-30,2024-01-04,3
TCKT-202,162,Feature Request,2023-10-21,2023-10-30,
TCKT-203,69,Login Issue,2024-01-15,2024-01-18,4
TCKT-204,87,Login Issue,2023-01-07,2023-01-12,
TCKT-205,104,Bug,2023-10-17,2023-10-26,1
TCKT-206,196,,2023-06-03,2023-06-18,1
TCKT-207,152,Billing,2023-05-11,2023-05-17,4
TCKT-208,7,,2024-01-12,2024-01-16,3
TCKT-209,164,INVALID,2023-05-04,2023-05-04,4
TCKT-210,163,Other,2023-06-28,2023-06-28,
TCKT-211,99,Feature Request,2023-12-29,2024-01-01,2
TCKT-212,97,Feature Request,2023-08-20,2023-09-01,4
TCKT-213,20,Bug,2023-01-01,,4
TCKT-214,72,Bug,2023-03-31,2023-04-01,2
TCKT-215,175,Login Issue,2023-12-24,2024-01-01,5
TCKT-216,19,Bug,2024-04-05,2024-04-19,5
TCKT-217,108,Other,2023-09-07,2023-09-07,4
TCKT-218,19,Login Issue,2023-06-17,,4
TCKT-219,71,INVALID,2023-05-31,,2
TCKT-220,90,Billing,2023-02-02,2023-02-14,4
TCKT-221,36,Bug,2024-03-20,2024-03-21,4
TCKT-222,126,Other,2024-01-20,,5
TCKT-223,193,Billing,2023-07-02,2023-07-14,
TCKT-224,92,Feature Request,2023-10-26,2023-10-31,4
TCKT-225,68,Bug,2024-02-20,,1
TCKT-226,141,Billing,2023-06-15,,3
TCKT-227,17,INVALID,2024-01-09,2024-01-15,3
TCKT-228,74,Other,2024-04-18,2024-04-30,2
TCKT-229,138,Bug,2023-04-28,2023-05-07,2
TCKT-230,17,,2023-05-10,2023-05-18,
TCKT-231,22,Bug,2023-07-11,2023-07-20,2
TCKT-232,92,Feature Request,2023-02-17,,5
TCKT-233,135,INVALID,2023-09-22,2023-10-02,2
TCKT-234,177,Feature Request,2023-01-05,2023-01-15,4
TCKT-235,167,INVALID,2023-08-11,2023-08-17,5
TCKT-236,96,Other,2023-09-15,,
TCKT-237,123,Billing,2023-05-05,,1
TCKT-238,24,Other,2024-04-25,,4
TCKT-239,106,Login Issue,2023-03-29,2023-03-29,5
TCKT-240,141,,2023-08-22,,4
TCKT-241,135,INVALID,2023-06-13,2023-06-17,4
TCKT-242,14,INVALID,2023-07-28,2023-07-28,4
TCKT-243,149,Login Issue,2023-12-03,,
TCKT-244,96,Login Issue,2024-04-27,2024-05-03,NaN
TCKT-245,14,Feature Request,2023-04-05,,5
TCKT-246,86,,2023-11-28,2023-12-08,1
TCKT-247,84,Login Issue,2024-04-13,2024-04-18,1
TCKT-248,75,Login Issue,2024-02-08,,4
TCKT-249,27,Other,2023-06-11,,5
TCKT-250,37,Bug,2023-01-10,,4
TCKT-251,53,Billing,2024-03-10,2024-03-14,2
TCKT-252,10,Bug,2023-01-17,2023-01-24,5
TCKT-253,48,,2023-12-07,,2
TCKT-254,8,INVALID,2023-02-18,2023-02-19,1
TCKT-255,54,Bug,2023-05-12,2023-05-18,1
TCKT-256,59,Login Issue,2023-11-25,,4
TCKT-257,55,,2023-03-23,2023-03-31,4
TCKT-258,73,Feature Request,2023-06-20,,5
TCKT-259,77,Bug,2024-01-31,2024-02-14,1
TCKT-260,68,,2023-10-26,2023-11-08,2
TCKT-261,14,,2024-01-09,2024-01-20,4
TCKT-262,172,Other,2023-08-31,2023-09-07,5
TCKT-263,164,Feature Request,2023-11-17,2023-12-02,3
TCKT-264,199,Billing,2023-02-17,2023-02-22,4
TCKT-265,86,Bug,2023-10-16,2023-10-24,4
TCKT-266,95,Feature Request,2024-02-08,2024-02-09,4
TCKT-267,77,INVALID,2023-02-23,2023-03-06,4
TCKT-268,149,INVALID,2023-12-24,2024-01-02,3
TCKT-269,101,Other,2023-08-11,2023-08-18,5
TCKT-270,179,INVALID,2023-12-19,2024-01-01,
TCKT-271,148,,2023-10-10,2023-10-17,2
TCKT-272,194,Feature Request,2023-07-18,2023-07-22,3
TCKT-273,21,,2023-03-22,2023-04-04,
TCKT-274,141,Billing,2024-04-21,2024-04-29,
TCKT-275,106,Login Issue,2023-10-08,2023-10-21,5
TCKT-276,106,Billing,2024-02-06,,2
TCKT-277,145,INVALID,2023-08-29,2023-09-05,5
TCKT-278,169,Other,2023-02-09,2023-02-20,
TCKT-279,22,Login Issue,2023-02-21,2023-02-27,1
TCKT-280,63,Login Issue,2023-01-12,2023-01-18,4
TCKT-281,121,Login Issue,2023-12-20,,1
TCKT-282,71,Login Issue,2023-10-02,2023-10-17,
TCKT-283,143,Bug,2024-04-03,,5
TCKT-284,31,Other,2023-03-09,2023-03-18,2
TCKT-285,197,,2023-06-02,2023-06-16,3
TCKT-286,72,Bug,2024-03-05,,
TCKT-287,100,INVALID,2024-03-07,2024-03-18,2
TCKT-288,49,INVALID,2023-11-03,,5
TCKT-289,151,Billing,2023-11-19,2023-11-19,5
TCKT-290,130,,2024-03-09,2024-03-12,4
TCKT-291,99,Feature Request,2024-01-03,2024-01-17,4
TCKT-292,173,Other,2023-01-14,2023-01-21,2
TCKT-293,29,Billing,2023-01-17,,2
TCKT-294,198,Bug,2023-10-20,,
TCKT-295,146,Bug,2023-11-05,2023-11-06,1
TCKT-296,58,Feature Request,2023-04-29,2023-05-07,
TCKT-297,124,Billing,2023-12-03,2023-12-11,1
TCKT-298,12,Login Issue,2024-02-27,2024-03-06,1
TCKT-299,112,Other,2023-09-10,2023-09-11,3
TCKT-300,24,Other,2023-02-23,2023-03-04,
TCKT-301,170,INVALID,2023-12-03,,NaN
TCKT-302,80,Bug,2023-12-02,2023-12-07,1
TCKT-303,136,Feature Request,2023-10-15,2023-10-28,1
TCKT-304,140,Login Issue,2023-01-17,2023-01-19,5
TCKT-305,64,Billing,2023-05-30,,2
TCKT-306,129,Bug,2024-04-03,2024-04-13,3
TCKT-307,16,Feature Request,2023-04-18,2023-04-20,
TCKT-308,145,Login Issue,2023-12-10,,5
TCKT-309,53,Login Issue,2024-04-16,2024-04-17,4
TCKT-310,180,Bug,2024-03-28,,2
TCKT-311,181,Bug,2023-02-20,2023-03-01,1
TCKT-312,78,Other,2024-04-08,2024-04-08,5
TCKT-313,168,Feature Request,2023-02-15,2023-02-18,5
TCKT-314,162,INVALID,2023-06-03,2023-06-18,1
TCKT-315,156,Feature Request,2023-04-20,2023-05-05,3
TCKT-316,98,Other,2023-05-31,2023-06-06,2
TCKT-317,21,,2023-01-20,2023-02-04,1
TCKT-318,98,Bug,2023-03-04,2023-03-13,
TCKT-319,31,Login Issue,2023-06-28,2023-06-29,2
TCKT-320,86,,2023-04-22,2023-05-05,4
TCKT-321,48,Billing,2023-07-18,,3
TCKT-322,43,Billing,2023-06-15,,
TCKT-323,20,,2023-01-02,,4
TCKT-324,17,Feature Request,2024-04-23,2024-05-01,3
TCKT-325,100,Billing,2023-11-06,2023-11-13,1
TCKT-326,28,,2023-10-30,2023-11-09,3
TCKT-327,103,Feature Request,2023-04-17,2023-04-26,2
TCKT-328,164,Bug,2024-01-06,,4
TCKT-329,195,Feature Request,2023-12-01,2023-12-12,NaN
TCKT-330,3,Billing,2023-09-01,,NaN
TCKT-331,168,INVALID,2024-04-16,2024-04-23,NaN
TCKT-332,97,Login Issue,2023-09-18,2023-10-01,3
TCKT-333,180,,2023-09-20,2023-09-23,1
TCKT-334,106,Feature Request,2023-07-29,2023-07-30,1
TCKT-335,35,Bug,2023-10-02,,2
TCKT-336,129,Bug,2024-01-04,,
TCKT-337,36,Other,2023-04-28,,2
TCKT-338,40,INVALID,2023-05-26,,3
TCKT-339,40,Other,2023-09-27,,5
TCKT-340,77,INVALID,2023-01-17,,
TCKT-341,142,,2023-05-18,2023-05-21,1
TCKT-342,30,Bug,2024-04-24,2024-04-24,3
TCKT-343,82,Other,2024-02-04,2024-02-08,
TCKT-344,152,Billing,2023-03-09,2023-03-09,4
TCKT-345,31,Login Issue,2023-11-24,2023-12-05,5
TCKT-346,154,Other,2024-01-24,2024-01-31,NaN
TCKT-347,5,Other,2024-03-11,,1
TCKT-348,74,Other,2024-04-10,2024-04-20,1
TCKT-349,86,Billing,2024-03-22,2024-03-25,3
TCKT-350,121,Bug,2023-10-12,2023-10-26,
TCKT-351,141,Other,2023-01-19,,
TCKT-352,157,Feature Request,2023-04-25,,3
TCKT-353,144,Feature Request,2023-11-25,2023-11-25,2
TCKT-354,143,Other,2023-10-27,2023-10-31,
TCKT-355,186,INVALID,2024-04-08,2024-04-16,2
TCKT-356,185,Other,2023-07-26,2023-07-26,3
TCKT-357,83,,2023-06-26,2023-07-07,3
TCKT-358,197,Login Issue,2023-01-11,2023-01-19,
TCKT-359,108,Bug,2023-11-05,2023-11-06,3
TCKT-360,134,Login Issue,2023-11-08,2023-11-21,NaN
TCKT-361,187,Feature Request,2023-01-25,2023-02-07,2
TCKT-362,194,Bug,2023-05-20,2023-05-21,3
TCKT-363,114,Other,2023-08-01,,
TCKT-364,18,,2023-06-03,2023-06-04,2
TCKT-365,6,Other,2023-09-20,2023-10-05,5
TCKT-366,42,Feature Request,2023-11-24,2023-12-06,3
TCKT-367,199,Other,2024-03-04,2024-03-09,1
TCKT-368,73,Bug,2023-12-12,,3
TCKT-369,55,,2023-06-04,2023-06-05,4
TCKT-370,33,INVALID,2023-06-07,,2
TCKT-371,102,Feature Request,2023-11-04,,3
TCKT-372,73,Other,2024-03-09,2024-03-09,4
TCKT-373,97,Login Issue,2023-01-08,,4
TCKT-374,62,,2024-01-26,2024-01-30,3
TCKT-375,154,,2023-05-30,2023-06-06,3
TCKT-376,138,Login Issue,2024-04-16,2024-04-28,3
TCKT-377,36,Other,2023-11-06,2023-11-11,
TCKT-378,154,Other,2023-02-16,2023-02-19,2
TCKT-379,36,Feature Request,2024-02-29,,4
TCKT-380,139,Other,2024-04-19,2024-04-22,2
TCKT-381,46,Feature Request,2024-04-05,2024-04-11,1
TCKT-382,57,INVALID,2023-03-06,2023-03-07,1
TCKT-383,60,Other,2023-10-28,,NaN
TCKT-384,200,Feature Request,2024-04-25,2024-04-25,1
TCKT-385,25,Bug,2023-12-10,2023-12-13,
TCKT-386,55,Other,2023-07-11,2023-07-26,1
TCKT-387,16,,2023-01-02,,NaN
TCKT-388,149,INVALID,2023-11-28,2023-12-01,2
TCKT-389,88,Other,2023-07-12,2023-07-20,1
TCKT-390,190,Feature Request,2023-07-08,2023-07-17,NaN
TCKT-391,149,INVALID,2023-11-15,2023-11-19,3
TCKT-392,200,Login Issue,2023-06-26,2023-07-02,2
TCKT-393,99,INVALID,2023-11-30,2023-12-14,5
TCKT-394,20,INVALID,2023-05-26,2023-06-04,3
TCKT-395,63,Billing,2023-08-16,,5
TCKT-396,194,Login Issue,2023-06-30,,1
TCKT-397,172,Feature Request,2023-08-20,2023-09-02,
TCKT-398,88,Login Issue,2023-01-30,2023-02-14,4
TCKT-399,33,,2023-01-14,2023-01-19,
TCKT-400,83,Other,2023-09-02,2023-09-15,
TCKT-401,16,Feature Request,2023-03-21,,1
TCKT-402,123,,2023-11-17,2023-12-01,NaN
TCKT-403,123,Bug,2023-11-20,2023-11-30,2
TCKT-404,176,Login Issue,2023-09-06,,2
TCKT-405,36,Feature Request,2023-07-13,2023-07-22,3
TCKT-406,57,Other,2024-04-11,2024-04-13,2
TCKT-407,80,,2023-04-09,,NaN
TCKT-408,63,Other,2023-08-21,2023-08-28,5
TCKT-409,179,Feature Request,2023-03-18,2023-03-20,3
TCKT-410,89,Bug,2023-11-03,2023-11-15,2
TCKT-411,123,Other,2024-01-22,2024-01-30,
TCKT-412,52,Billing,2024-02-15,2024-02-28,1
TCKT-413,54,,2024-04-15,2024-04-16,3
TCKT-414,8,Feature Request,2024-02-22,2024-03-04,4
TCKT-415,75,Login Issue,2023-04-05,2023-04-12,3
TCKT-416,37,Bug,2023-09-07,,3
TCKT-417,64,INVALID,2023-09-08,2023-09-19,3
TCKT-418,99,Other,2023-11-11,2023-11-24,4
TCKT-419,76,Billing,2023-10-29,2023-11-03,5
TCKT-420,182,Bug,2023-07-08,2023-07-08,
TCKT-421,81,Billing,2023-01-03,2023-01-07,4
TCKT-422,99,Login Issue,2023-10-01,2023-10-04,
TCKT-423,108,,2024-01-28,,4
TCKT-424,127,Login Issue,2023-04-02,2023-04-09,
TCKT-425,158,INVALID,2023-08-14,2023-08-20,3
TCKT-426,36,INVALID,2023-02-07,,4
TCKT-427,169,Billing,2023-07-10,2023-07-15,2
TCKT-428,127,Feature Request,2023-08-25,2023-08-25,3
TCKT-429,186,Billing,2023-10-18,2023-10-22,5
TCKT-430,179,Bug,2023-12-02,,NaN
TCKT-431,167,,2023-11-09,2023-11-11,5
TCKT-432,37,,2024-02-01,2024-02-15,2
TCKT-433,15,Feature Request,2024-04-19,2024-04-27,
TCKT-434,125,Bug,2023-07-24,2023-08-07,NaN
TCKT-435,105,Feature Request,2023-11-19,2023-11-23,5
TCKT-436,52,Login Issue,2023-01-03,,2
TCKT-437,13,Bug,2024-04-01,2024-04-10,3
TCKT-438,100,Feature Request,2024-02-23,2024-02-29,2
TCKT-439,116,Bug,2023-12-12,2023-12-12,5
TCKT-440,177,Login Issue,2023-10-04,2023-10-19,
TCKT-441,179,Other,2023-04-16,2023-04-26,3
TCKT-442,74,Billing,2024-04-01,2024-04-05,NaN
TCKT-443,108,Bug,2023-05-24,2023-05-25,2
TCKT-444,67,Billing,2023-11-15,2023-11-17,2
TCKT-445,13,Billing,2024-02-27,2024-02-27,3
TCKT-446,101,Bug,2023-02-26,2023-02-27,1
TCKT-447,135,Login Issue,2024-01-11,2024-01-12,
TCKT-448,16,Feature Request,2023-05-25,,3
TCKT-449,99,Bug,2024-04-02,2024-04-04,3
TCKT-450,134,Feature Request,2023-11-21,2023-11-29,2
TCKT-451,80,,2023-08-23,2023-08-24,5
TCKT-452,4,Login Issue,2023-02-22,2023-03-04,4
TCKT-453,125,Other,2024-03-06,2024-03-14,NaN
TCKT-454,10,Other,2023-03-21,2023-03-24,5
TCKT-455,178,Feature Request,2023-10-14,2023-10-20,1
TCKT-456,24,Feature Request,2023-02-24,2023-03-08,5
TCKT-457,29,Feature Request,2023-02-13,2023-02-28,4
TCKT-458,92,Feature Request,2023-10-24,2023-10-30,2
TCKT-459,17,Other,2023-09-01,2023-09-11,3
TCKT-460,54,Login Issue,2023-07-11,,5
TCKT-461,151,Billing,2023-06-28,2023-07-12,5
TCKT-462,64,INVALID,2023-07-06,2023-07-13,5
TCKT-463,195,,2023-09-18,,4
TCKT-464,37,Login Issue,2023-02-18,2023-03-05,1
TCKT-465,175,Other,2023-06-19,2023-06-27,4
TCKT-466,125,Login Issue,2023-11-06,2023-11-06,2
TCKT-467,39,Bug,2024-02-08,2024-02-14,4
TCKT-468,123,,2024-01-22,2024-01-29,1
TCKT-469,95,INVALID,2024-02-20,2024-02-21,2
TCKT-470,133,Login Issue,2023-07-09,2023-07-22,2
TCKT-471,140,Feature Request,2023-08-28,2023-08-28,5
TCKT-472,33,Other,2024-03-29,2024-03-29,2
TCKT-473,184,Feature Request,2024-03-08,,4
TCKT-474,117,Billing,2024-04-15,2024-04-18,5
TCKT-475,36,Other,2023-06-13,,
TCKT-476,100,Feature Request,2023-04-12,,1
TCKT-477,22,INVALID,2023-03-16,,
TCKT-478,72,Bug,2023-03-14,,4
TCKT-479,174,,2023-01-27,2023-02-11,
TCKT-480,115,Feature Request,2023-08-29,,
TCKT-481,31,,2023-12-14,2023-12-29,3
TCKT-482,157,Feature Request,2023-08-11,2023-08-23,4
TCKT-483,76,Bug,2023-01-21,2023-02-02,2
TCKT-484,74,Bug,2024-02-03,2024-02-03,3
TCKT-485,42,Feature Request,2024-04-24,2024-05-03,
TCKT-486,175,Bug,2023-12-31,2024-01-14,
TCKT-487,33,Bug,2024-03-04,,3
TCKT-488,160,,2023-12-27,,NaN
TCKT-489,73,Billing,2023-09-02,2023-09-15,1
TCKT-490,127,Login Issue,2024-02-08,2024-02-11,3
TCKT-491,191,INVALID,2023-12-26,,
TCKT-492,39,Feature Request,2023-08-03,,2
TCKT-493,90,Billing,2023-10-14,2023-10-20,4
TCKT-494,154,Other,2023-08-22,2023-08-28,3
TCKT-495,129,Bug,2024-01-01,2024-01-16,5
TCKT-496,28,Feature Request,2023-05-26,2023-06-10,3
TCKT-497,63,INVALID,2024-04-03,2024-04-16,4
TCKT-498,73,Bug,2023-12-14,2023-12-18,NaN
TCKT-499,24,Feature Request,2024-04-27,2024-05-12,
TCKT-500,109,Feature Request,2023-07-06,,3
TCKT-501,138,,2023-06-20,2023-06-25,4
TCKT-502,33,,2023-05-29,,
TCKT-503,173,Login Issue,2023-12-03,,
TCKT-504,23,Login Issue,2023-06-05,2023-06-17,3
TCKT-505,151,Feature Request,2023-01-13,2023-01-23,2
TCKT-506,30,,2023-07-25,2023-07-31,
TCKT-507,186,Bug,2023-04-12,2023-04-22,
TCKT-508,98,Login Issue,2023-11-03,2023-11-09,1
TCKT-509,15,Other,2024-01-05,,5
TCKT-510,61,INVALID,2023-02-03,2023-02-06,3
TCKT-511,137,Billing,2023-01-23,,2
TCKT-512,179,INVALID,2023-05-23,,5
TCKT-513,47,Billing,2023-11-16,2023-11-23,NaN
TCKT-514,181,INVALID,2023-04-23,2023-05-06,2
TCKT-515,107,Other,2023-07-21,,1
TCKT-516,22,INVALID,2023-03-13,2023-03-26,3
TCKT-517,195,INVALID,2023-10-20,2023-11-03,3
TCKT-518,118,Bug,2024-03-09,,
TCKT-519,19,Billing,2024-02-29,2024-03-02,NaN
TCKT-520,175,Other,2023-10-08,2023-10-15,NaN
TCKT-521,111,Bug,2023-09-12,2023-09-26,3
TCKT-522,25,,2023-10-13,2023-10-16,2
TCKT-523,109,,2023-11-07,2023-11-20,3
TCKT-524,8,Feature Request,2024-01-23,2024-02-04,4
TCKT-525,177,INVALID,2024-03-19,,4
TCKT-526,33,Feature Request,2023-12-03,2023-12-09,2
TCKT-527,140,,2023-09-27,2023-10-08,NaN
TCKT-528,168,Bug,2023-07-23,2023-07-28,4
TCKT-529,152,Other,2023-03-23,,4
TCKT-530,177,Feature Request,2023-09-21,,2
TCKT-531,165,Bug,2023-07-23,,3
TCKT-532,48,Other,2023-10-09,2023-10-09,5
TCKT-533,62,Other,2024-02-18,2024-02-21,3
TCKT-534,123,INVALID,2023-09-03,2023-09-16,5
TCKT-535,127,,2023-07-14,2023-07-20,3
TCKT-536,137,Login Issue,2023-01-13,2023-01-15,3
TCKT-537,198,Billing,2023-08-14,,4
TCKT-538,124,Other,2023-10-10,2023-10-12,2
TCKT-539,91,Login Issue,2024-03-20,2024-03-22,4
TCKT-540,166,Login Issue,2023-02-28,2023-03-09,1
TCKT-541,167,Billing,2023-07-04,2023-07-04,2
TCKT-542,70,Other,2023-11-01,2023-11-06,4
TCKT-543,126,Login Issue,2023-06-28,2023-06-29,
TCKT-544,199,Bug,2023-03-14,2023-03-14,
TCKT-545,88,INVALID,2023-11-21,,4
TCKT-546,161,Feature Request,2023-01-19,2023-01-24,1
TCKT-547,170,Bug,2023-11-26,2023-11-30,2
TCKT-548,49,Feature Request,2023-07-28,2023-07-31,1
TCKT-549,44,,2024-03-29,,4
TCKT-550,51,,2023-01-11,2023-01-19,4
TCKT-551,182,Feature Request,2023-08-05,,5
TCKT-552,94,INVALID,2023-05-03,2023-05-12,
TCKT-553,84,Billing,2023-09-11,2023-09-13,3
TCKT-554,101,INVALID,2024-04-29,2024-05-10,
TCKT-555,127,INVALID,2023-05-11,,4
TCKT-556,54,Billing,2023-07-05,2023-07-13,2
TCKT-557,85,Other,2024-01-06,,4
TCKT-558,138,Bug,2023-12-06,2023-12-17,5
TCKT-559,171,,2024-01-18,2024-01-24,5
TCKT-560,59,,2023-12-05,2023-12-16,4
TCKT-561,41,INVALID,2024-03-13,2024-03-28,4
TCKT-562,77,,2023-09-23,2023-09-27,NaN
TCKT-563,118,Other,2023-08-31,2023-09-15,NaN
TCKT-564,156,Other,2023-05-29,2023-06-11,5
TCKT-565,56,Feature Request,2023-12-03,2023-12-11,
TCKT-566,153,INVALID,2023-12-20,2023-12-21,
TCKT-567,79,Other,2023-06-13,2023-06-24,1
TCKT-568,45,Login Issue,2023-09-30,2023-10-14,1
TCKT-569,118,Feature Request,2023-04-11,2023-04-17,
TCKT-570,115,Billing,2023-04-27,2023-05-12,5
TCKT-571,70,Login Issue,2023-11-22,2023-12-03,
TCKT-572,62,Other,2023-10-15,2023-10-17,3
TCKT-573,90,Login Issue,2023-02-26,2023-03-02,
TCKT-574,77,Login Issue,2023-06-25,,5
TCKT-575,80,Other,2023-04-18,2023-04-20,4
TCKT-576,68,Other,2024-01-31,2024-02-07,4
TCKT-577,195,Login Issue,2023-06-19,,
TCKT-578,29,INVALID,2023-03-14,2023-03-25,3
TCKT-579,43,Other,2023-07-25,2023-08-08,2
TCKT-580,112,Login Issue,2024-03-06,2024-03-11,3
TCKT-581,178,Other,2023-01-27,2023-02-11,2
TCKT-582,184,Billing,2023-12-13,2023-12-22,1
TCKT-583,162,Login Issue,2024-01-23,2024-01-24,
TCKT-584,150,Billing,2023-04-29,2023-05-01,3
TCKT-585,92,Login Issue,2023-06-10,2023-06-17,
TCKT-586,196,Feature Request,2023-08-02,,1
TCKT-587,117,INVALID,2023-04-13,2023-04-21,2
TCKT-588,23,,2023-12-08,2023-12-23,4
TCKT-589,185,Login Issue,2024-01-26,2024-01-31,3
TCKT-590,45,INVALID,2024-01-21,2024-01-29,5
TCKT-591,168,Feature Request,2023-08-15,2023-08-15,1
TCKT-592,147,Login Issue,2023-04-30,,2
TCKT-593,61,,2024-04-17,2024-04-27,4
TCKT-594,127,Billing,2024-04-26,,
TCKT-595,185,,2023-11-12,2023-11-16,2
TCKT-596,181,Bug,2024-01-06,2024-01-13,1
TCKT-597,195,Other,2023-04-21,2023-04-28,5
TCKT-598,136,,2023-01-20,2023-01-31,1
TCKT-599,75,INVALID,2023-11-29,,5
TCKT-600,63,Other,2023-07-25,2023-07-26,2
TCKT-601,45,Feature Request,2024-02-07,2024-02-10,2
TCKT-602,93,Other,2024-01-28,2024-02-09,5
TCKT-603,17,Billing,2023-02-26,2023-03-07,
TCKT-604,161,Bug,2023-05-13,,
TCKT-605,166,Login Issue,2023-06-03,2023-06-14,1
TCKT-606,176,,2023-12-01,2023-12-16,
TCKT-607,28,Login Issue,2023-06-14,,5
TCKT-608,173,INVALID,2024-04-24,2024-04-28,3
TCKT-609,17,Bug,2024-04-10,2024-04-15,4
TCKT-610,176,Feature Request,2023-11-11,,5
TCKT-611,59,Bug,2024-02-24,2024-02-29,5
TCKT-612,102,Feature Request,2023-10-18,2023-10-28,
TCKT-613,112,Other,2024-02-03,2024-02-03,5
TCKT-614,175,INVALID,2023-08-20,2023-09-03,3
TCKT-615,153,Login Issue,2024-01-15,2024-01-17,2
TCKT-616,66,Login Issue,2023-05-21,2023-05-21,2
TCKT-617,34,Other,2024-02-02,2024-02-09,5
TCKT-618,9,Bug,2024-03-30,2024-04-08,1
TCKT-619,153,Bug,2023-06-11,2023-06-25,1
TCKT-620,167,INVALID,2024-02-03,,NaN
TCKT-621,185,,2024-02-08,2024-02-21,4
TCKT-622,90,Other,2023-06-02,2023-06-06,4
TCKT-623,130,,2023-02-19,,5
TCKT-624,34,INVALID,2023-08-17,,NaN
TCKT-625,81,Other,2023-02-21,2023-03-01,1
TCKT-626,80,,2023-03-23,,5
TCKT-627,141,,2023-03-28,2023-04-04,5
TCKT-628,51,INVALID,2023-12-17,2023-12-29,
TCKT-629,164,,2023-07-30,2023-07-30,5
TCKT-630,171,Bug,2023-12-15,,4
TCKT-631,189,,2023-07-14,2023-07-28,5
TCKT-632,79,Login Issue,2023-11-28,2023-12-13,1
TCKT-633,91,INVALID,2023-03-08,,1
TCKT-634,13,Billing,2023-08-31,2023-09-14,2
TCKT-635,144,Other,2023-07-06,2023-07-06,
TCKT-636,156,Other,2023-06-14,,1
TCKT-637,96,Billing,2023-02-11,2023-02-13,
TCKT-638,93,Other,2023-05-13,2023-05-26,2
TCKT-639,102,Feature Request,2023-06-26,2023-06-29,4
TCKT-640,128,,2023-02-10,2023-02-24,1
TCKT-641,194,Bug,2023-12-12,2023-12-25,4
TCKT-642,150,INVALID,2023-07-01,2023-07-05,4
TCKT-643,113,Bug,2023-10-06,2023-10-06,4
TCKT-644,118,Feature Request,2023-02-20,,5
TCKT-645,192,Bug,2023-05-27,2023-05-28,2
TCKT-646,176,Billing,2023-12-02,2023-12-11,1
TCKT-647,77,Bug,2024-02-08,2024-02-20,4
TCKT-648,187,Login Issue,2023-04-22,,1
TCKT-649,118,Login Issue,2023-08-02,2023-08-11,
TCKT-650,96,Other,2023-04-06,2023-04-13,4
TCKT-651,189,INVALID,2023-08-04,2023-08-17,1
TCKT-652,65,Login Issue,2023-07-18,2023-07-30,4
TCKT-653,56,Billing,2023-07-13,2023-07-20,NaN
TCKT-654,139,,2023-04-23,2023-04-30,2
TCKT-655,21,INVALID,2024-01-27,2024-02-01,2
TCKT-656,181,Feature Request,2024-04-30,2024-05-05,1
TCKT-657,85,Billing,2023-11-03,2023-11-05,NaN
TCKT-658,13,Other,2023-07-13,2023-07-17,1
TCKT-659,116,Login Issue,2023-03-29,,4
TCKT-660,133,,2023-04-09,,4
TCKT-661,150,Billing,2024-01-31,2024-02-12,4
TCKT-662,174,Billing,2023-08-18,2023-08-26,4
TCKT-663,149,Login Issue,2023-11-11,2023-11-12,2
TCKT-664,126,INVALID,2023-03-05,,4
TCKT-665,86,,2023-08-02,2023-08-05,5
TCKT-666,27,Bug,2024-04-26,2024-04-26,4
TCKT-667,162,Login Issue,2024-02-15,2024-02-25,2
TCKT-668,105,INVALID,2023-04-13,2023-04-18,3
TCKT-669,91,Billing,2023-08-18,2023-08-31,5
TCKT-670,156,Other,2023-07-30,2023-08-01,2
TCKT-671,177,,2023-12-30,2023-12-31,2
TCKT-672,13,Feature Request,2023-02-28,2023-02-28,4
TCKT-673,90,INVALID,2023-04-07,2023-04-12,2
TCKT-674,177,Login Issue,2023-04-10,2023-04-13,2
TCKT-675,121,INVALID,2023-11-11,2023-11-21,1
TCKT-676,12,Bug,2023-06-08,2023-06-09,
TCKT-677,154,Other,2023-07-02,2023-07-13,3
TCKT-678,58,Other,2023-06-24,2023-07-01,5
TCKT-679,195,,2024-03-01,,3
TCKT-680,56,Login Issue,2023-11-06,2023-11-10,3
TCKT-681,113,,2024-02-19,2024-02-24,1
TCKT-682,190,Bug,2024-03-07,2024-03-15,4
TCKT-683,28,INVALID,2024-02-24,2024-02-29,4
TCKT-684,10,Billing,2023-03-04,2023-03-16,5
TCKT-685,92,Billing,2023-05-13,,5
TCKT-686,82,Other,2023-04-30,,1
TCKT-687,63,,2023-01-05,2023-01-20,5
TCKT-688,189,,2023-06-22,2023-06-23,4
TCKT-689,170,,2023-06-06,2023-06-20,3
TCKT-690,9,Feature Request,2023-10-15,2023-10-20,4
TCKT-691,163,Feature Request,2024-02-02,2024-02-12,1
TCKT-692,103,Other,2023-09-18,,2
TCKT-693,121,,2023-04-09,2023-04-23,NaN
TCKT-694,35,,2023-03-03,2023-03-10,1
TCKT-695,47,,2023-06-06,,2
TCKT-696,70,Feature Request,2023-02-18,2023-02-25,1
TCKT-697,173,Login Issue,2024-04-12,2024-04-19,3
TCKT-698,25,Billing,2024-04-01,2024-04-10,2
TCKT-699,195,Login Issue,2023-10-11,2023-10-19,
TCKT-700,41,Other,2023-12-21,2024-01-01,NaN
TCKT-701,79,Other,2023-08-13,2023-08-15,
TCKT-702,110,Login Issue,2023-12-03,,3
TCKT-703,157,Bug,2024-02-15,2024-02-18,3
TCKT-704,159,Login Issue,2023-10-04,2023-10-06,4
TCKT-705,82,Login Issue,2023-06-09,2023-06-13,3
TCKT-706,176,,2023-11-21,2023-11-26,1
TCKT-707,200,Billing,2023-02-06,,4
TCKT-708,158,Login Issue,2023-05-17,,2
TCKT-709,163,Other,2023-03-31,2023-04-12,4
TCKT-710,170,Billing,2024-04-24,2024-04-29,5
TCKT-711,60,INVALID,2023-04-29,2023-05-01,1
TCKT-712,17,INVALID,2023-11-17,2023-11-23,1
TCKT-713,160,,2024-02-11,2024-02-20,
TCKT-714,39,Other,2023-05-31,,2
TCKT-715,191,,2023-04-07,2023-04-13,3
TCKT-716,133,Billing,2023-10-03,2023-10-10,4
TCKT-717,27,Billing,2024-04-25,2024-05-07,5
TCKT-718,188,Billing,2023-01-20,2023-01-31,2
TCKT-719,64,Other,2024-01-08,2024-01-20,2
TCKT-720,85,INVALID,2023-06-25,,3
TCKT-721,6,,2023-10-23,2023-10-28,5
TCKT-722,134,INVALID,2024-02-18,2024-02-29,4
TCKT-723,162,INVALID,2024-03-19,,5
TCKT-724,109,Feature Request,2023-05-26,2023-06-05,4
TCKT-725,85,Bug,2023-01-23,2023-01-26,5
TCKT-726,2,Other,2023-01-20,2023-01-30,5
TCKT-727,117,,2023-04-19,2023-04-28,5
TCKT-728,103,Other,2023-12-08,2023-12-21,5
TCKT-729,157,Feature Request,2023-10-24,2023-10-24,1
TCKT-730,180,Other,2024-03-12,2024-03-12,4
TCKT-731,14,Login Issue,2023-02-13,2023-02-27,1
TCKT-732,195,Feature Request,2023-04-21,2023-04-29,
TCKT-733,27,Billing,2023-06-22,2023-07-03,
TCKT-734,1,Login Issue,2023-12-01,2023-12-14,
TCKT-735,99,,2023-09-09,2023-09-17,
TCKT-736,47,Other,2023-04-15,2023-04-21,3
TCKT-737,164,Billing,2023-08-11,2023-08-21,NaN
TCKT-738,83,INVALID,2024-01-24,2024-02-03,4
TCKT-739,182,Login Issue,2023-10-23,2023-10-30,3
TCKT-740,35,Feature Request,2024-02-27,2024-03-06,5
TCKT-741,19,Login Issue,2023-08-30,2023-09-04,4
TCKT-742,77,INVALID,2023-01-18,2023-01-28,
TCKT-743,62,INVALID,2023-10-03,2023-10-18,2
TCKT-744,97,Other,2024-03-23,2024-03-25,2
TCKT-745,166,,2023-05-28,2023-06-10,1
TCKT-746,99,INVALID,2023-04-11,2023-04-22,
TCKT-747,22,Feature Request,2023-01-12,2023-01-16,5
TCKT-748,154,Bug,2023-06-20,,
TCKT-749,1,Feature Request,2024-01-24,2024-02-04,
TCKT-750,118,Bug,2023-06-29,2023-07-14,NaN
TCKT-751,100,Feature Request,2023-06-17,2023-06-18,
TCKT-752,56,Billing,2023-05-10,2023-05-19,5
TCKT-753,104,Bug,2023-09-18,2023-09-30,
TCKT-754,60,Feature Request,2023-02-23,2023-02-27,3
TCKT-755,174,Login Issue,2023-08-04,,
TCKT-756,115,Billing,2024-03-27,2024-03-30,3
TCKT-757,92,Bug,2023-08-25,2023-09-07,4
TCKT-758,100,Login Issue,2023-05-06,2023-05-20,
TCKT-759,131,INVALID,2023-11-11,2023-11-26,3
TCKT-760,127,Bug,2024-01-31,2024-02-08,
TCKT-761,74,INVALID,2024-03-05,2024-03-15,3
TCKT-762,49,INVALID,2023-08-17,2023-08-25,1
TCKT-763,62,Login Issue,2023-09-01,2023-09-14,3
TCKT-764,68,Feature Request,2024-03-22,,4
TCKT-765,120,Bug,2023-07-01,,3
TCKT-766,77,,2023-02-15,,2
TCKT-767,199,,2023-04-17,,1
TCKT-768,184,Billing,2023-01-24,2023-02-01,4
TCKT-769,102,,2023-07-02,2023-07-06,3
TCKT-770,68,Billing,2023-06-25,2023-07-05,4
TCKT-771,63,Feature Request,2023-06-25,2023-07-01,2
TCKT-772,111,Billing,2023-01-17,2023-01-17,1
TCKT-773,120,Bug,2023-01-15,2023-01-17,
TCKT-774,79,Login Issue,2023-10-27,2023-11-07,1
TCKT-775,154,Login Issue,2023-12-19,2023-12-31,1
TCKT-776,141,Feature Request,2023-02-22,2023-03-04,
TCKT-777,71,Feature Request,2023-07-25,2023-08-03,4
TCKT-778,109,Feature Request,2024-04-17,,
TCKT-779,131,Other,2023-09-07,2023-09-15,
TCKT-780,106,,2023-07-24,2023-08-05,2
TCKT-781,158,Other,2023-01-09,2023-01-13,3
TCKT-782,151,Billing,2023-07-11,,1
TCKT-783,184,Bug,2023-03-26,2023-04-02,NaN
TCKT-784,148,INVALID,2023-12-27,,3
TCKT-785,5,Other,2023-06-11,2023-06-26,5
TCKT-786,109,Login Issue,2023-03-31,2023-04-02,3
TCKT-787,56,Billing,2024-03-24,,1
TCKT-788,125,INVALID,2023-06-07,2023-06-14,5
TCKT-789,24,Billing,2023-05-10,2023-05-20,4
TCKT-790,78,Billing,2024-02-28,,5
TCKT-791,73,Bug,2023-02-22,,
TCKT-792,185,Login Issue,2023-04-26,2023-05-11,3
TCKT-793,138,Feature Request,2024-04-13,2024-04-26,4
TCKT-794,78,Other,2023-02-18,2023-02-24,1
TCKT-795,173,Bug,2023-04-07,,3
TCKT-796,69,INVALID,2024-04-06,2024-04-19,5
TCKT-797,21,Login Issue,2023-06-28,2023-07-09,
TCKT-798,126,Login Issue,2023-10-09,2023-10-19,5
TCKT-799,148,Feature Request,2023-09-25,2023-09-27,5
TCKT-800,85,INVALID,2023-07-04,2023-07-07,3
